,antecedents,consequents,antecedent support,consequent support,support,confidence,lift,leverage,conviction,zhangs_metric
0,Medu,Fedu,0.5822784810126582,0.4962025316455696,0.42025316455696204,0.7217391304347827,1.4545252883762203,0.13132510815574433,1.8105221518987347,0.748083242059146
1,Fedu,Medu,0.4962025316455696,0.5822784810126582,0.42025316455696204,0.8469387755102041,1.45452528837622,0.13132510815574433,2.7291139240506337,0.6202700248229099
2,Medu,famrel,0.5822784810126582,0.7620253164556962,0.4481012658227848,0.7695652173913043,1.0098945543839377,0.004390322063771879,1.0327203248149035,0.023454887861667773
3,famrel,Medu,0.7620253164556962,0.5822784810126582,0.4481012658227848,0.5880398671096346,1.0098945543839377,0.004390322063771879,1.0139853001224992,0.04117081379973598
4,Medu,freetime,0.5822784810126582,0.3924050632911392,0.23544303797468355,0.4043478260869565,1.0304347826086957,0.006954013779843005,1.0200498937448028,0.07070707070707102
5,freetime,Medu,0.3924050632911392,0.5822784810126582,0.23544303797468355,0.6000000000000001,1.030434782608696,0.006954013779843005,1.0443037974683547,0.04861111111111133
6,Medu,goout,0.5822784810126582,0.3518987341772152,0.21265822784810126,0.3652173913043478,1.0378479824835785,0.007755167441115207,1.0209814461591815,0.08730158730158732
7,goout,Medu,0.3518987341772152,0.5822784810126582,0.21265822784810126,0.60431654676259,1.0378479824835785,0.007755167441115207,1.0556962025316456,0.0562686011904762
8,Medu,health,0.5822784810126582,0.5367088607594936,0.3139240506329114,0.5391304347826087,1.0045118949958982,0.0014100304438391387,1.0052543587294005,0.010752688172043088
9,health,Medu,0.5367088607594936,0.5822784810126582,0.3139240506329114,0.5849056603773586,1.0045118949958984,0.0014100304438391387,1.0063291139240509,0.009695046712497867
10,Medu,G1,0.5822784810126582,0.41265822784810124,0.2708860759493671,0.4652173913043478,1.127367297946119,0.03060406986059927,1.098281362560461,0.2704616256018126
11,G1,Medu,0.41265822784810124,0.5822784810126582,0.2708860759493671,0.656441717791411,1.127367297946119,0.03060406986059927,1.2158679927667269,0.19235417338059946
12,Medu,G2,0.5822784810126582,0.6303797468354431,0.39746835443037976,0.682608695652174,1.0828531517373843,0.030411792981893948,1.1645569620253167,0.183169272341247
13,G2,Medu,0.6303797468354431,0.5822784810126582,0.39746835443037976,0.6305220883534136,1.0828531517373843,0.030411792981893948,1.130572372041827,0.20700636942675177
14,Medu,G3,0.5822784810126582,0.529113924050633,0.3367088607594937,0.5782608695652174,1.092885375494071,0.02861720878064411,1.1165339945191177,0.20346320346320335
15,G3,Medu,0.529113924050633,0.5822784810126582,0.3367088607594937,0.6363636363636364,1.092885375494071,0.02861720878064411,1.1487341772151898,0.1804915514592933
16,Fedu,famrel,0.4962025316455696,0.7620253164556962,0.38734177215189874,0.7806122448979592,1.0243914841684183,0.009222880948565992,1.084721813364734,0.047262456071205994
17,famrel,Fedu,0.7620253164556962,0.4962025316455696,0.38734177215189874,0.5083056478405316,1.0243914841684183,0.009222880948565992,1.0246151214505645,0.1000556250869148
18,Fedu,health,0.4962025316455696,0.5367088607594936,0.2683544303797468,0.5408163265306123,1.0076530612244898,0.002038134914276568,1.008945147679325,0.015075376884422185
19,health,Fedu,0.5367088607594936,0.4962025316455696,0.2683544303797468,0.5,1.0076530612244898,0.002038134914276568,1.0075949367088608,0.016393442622950897
20,G1,Fedu,0.41265822784810124,0.4962025316455696,0.22025316455696203,0.5337423312883436,1.0756541880555905,0.015491107194359893,1.0805129913391074,0.11974831549742382
21,Fedu,G1,0.4962025316455696,0.41265822784810124,0.22025316455696203,0.4438775510204082,1.0756541880555905,0.015491107194359893,1.0561374985483687,0.13960607635880565
22,Fedu,G2,0.4962025316455696,0.6303797468354431,0.3493670886075949,0.7040816326530612,1.116916646176543,0.03657106232975482,1.2490615451767786,0.20777802053746983
23,G2,Fedu,0.6303797468354431,0.4962025316455696,0.3493670886075949,0.5542168674698794,1.1169166461765427,0.03657106232975482,1.1301402668491274,0.28320428826682537
24,Fedu,G3,0.4962025316455696,0.529113924050633,0.28860759493670884,0.5816326530612245,1.0992578849721706,0.02605992629386311,1.1255325717814137,0.17922948073701808
25,G3,Fedu,0.529113924050633,0.4962025316455696,0.28860759493670884,0.5454545454545454,1.0992578849721706,0.02605992629386311,1.1083544303797468,0.19175627240143334
26,famrel,freetime,0.7620253164556962,0.3924050632911392,0.3189873417721519,0.4186046511627907,1.0667666916729184,0.01996474923890401,1.0450632911392406,0.26300236406619365
27,freetime,famrel,0.3924050632911392,0.7620253164556962,0.3189873417721519,0.8129032258064516,1.0667666916729182,0.01996474923890401,1.2719336534264514,0.10300925925925922
28,famrel,goout,0.7620253164556962,0.3518987341772152,0.27848101265822783,0.3654485049833887,1.0385047443772557,0.010325268386476516,1.0213533037311948,0.15580270793036732
29,goout,famrel,0.3518987341772152,0.7620253164556962,0.27848101265822783,0.7913669064748201,1.0385047443772557,0.010325268386476516,1.1406372762985597,0.057208806818181766
30,famrel,health,0.7620253164556962,0.5367088607594936,0.43291139240506327,0.5681063122923589,1.0584999686579328,0.023925652940233966,1.0726971762414803,0.2322383974119699
31,health,famrel,0.5367088607594936,0.7620253164556962,0.43291139240506327,0.8066037735849056,1.0584999686579328,0.023925652940233966,1.2305032417412782,0.11929185440833429
32,G1,famrel,0.41265822784810124,0.7620253164556962,0.3189873417721519,0.7730061349693251,1.0144100442288486,0.004531325108155737,1.0483749572357168,0.024185823754789237
33,famrel,G1,0.7620253164556962,0.41265822784810124,0.3189873417721519,0.4186046511627907,1.0144100442288488,0.004531325108155737,1.010227848101266,0.059692671394798946
34,famrel,G2,0.7620253164556962,0.6303797468354431,0.4860759493670886,0.6378737541528239,1.0118880838970499,0.005710623297548456,1.0206944605736847,0.04936835106382966
35,G2,famrel,0.6303797468354431,0.7620253164556962,0.4860759493670886,0.7710843373493975,1.0118880838970499,0.005710623297548456,1.0395736175882744,0.03178510273972596
36,freetime,goout,0.3924050632911392,0.3518987341772152,0.20506329113924052,0.5225806451612903,1.4850313297748898,0.06697644608235861,1.3575094081423196,0.5375514403292182
37,goout,freetime,0.3518987341772152,0.3924050632911392,0.20506329113924052,0.5827338129496403,1.4850313297748898,0.06697644608235861,1.4561326931470975,0.5039544753086421
38,freetime,health,0.3924050632911392,0.5367088607594936,0.23544303797468355,0.6000000000000001,1.117924528301887,0.024835763499439223,1.1582278481012662,0.17361111111111133
39,health,freetime,0.5367088607594936,0.3924050632911392,0.23544303797468355,0.4386792452830189,1.1179245283018868,0.024835763499439223,1.0824380385065417,0.22768670309653943
40,G3,freetime,0.529113924050633,0.3924050632911392,0.21012658227848102,0.3971291866028708,1.012038894891187,0.0024995994231693797,1.0078360458107294,0.025262339681306027
41,freetime,G3,0.3924050632911392,0.529113924050633,0.21012658227848102,0.535483870967742,1.012038894891187,0.0024995994231693797,1.0137130801687764,0.01957831325301217
42,health,goout,0.5367088607594936,0.3518987341772152,0.20506329113924052,0.38207547169811323,1.0857540382788111,0.016196122416279463,1.0488356362933617,0.17047831073332004
43,goout,health,0.3518987341772152,0.5367088607594936,0.20506329113924052,0.5827338129496403,1.0857540382788111,0.016196122416279463,1.110301178524662,0.12186535493827175
44,G1,health,0.41265822784810124,0.5367088607594936,0.22278481012658227,0.5398773006134969,1.0059034610487325,0.0013074827751962947,1.0068860759493672,0.00999216300940448
45,health,G1,0.5367088607594936,0.41265822784810124,0.22278481012658227,0.41509433962264153,1.0059034610487325,0.0013074827751962947,1.004164965291956,0.012667660208643931
46,G3,health,0.529113924050633,0.5367088607594936,0.28607594936708863,0.5406698564593302,1.0073801570822427,0.002095817977888159,1.0086234177215192,0.015558093063088783
47,health,G3,0.5367088607594936,0.529113924050633,0.28607594936708863,0.5330188679245284,1.0073801570822425,0.002095817977888159,1.008362102032988,0.015813143769041055
48,G1,G2,0.41265822784810124,0.6303797468354431,0.41012658227848103,0.9938650306748468,1.5766132012713432,0.14999519307803238,60.24810126582422,0.6226851851851852
49,G2,G1,0.6303797468354431,0.41265822784810124,0.41012658227848103,0.6506024096385542,1.5766132012713432,0.14999519307803238,1.6810126582278482,0.9894723490613904
50,G1,G3,0.41265822784810124,0.529113924050633,0.4050632911392405,0.9815950920245399,1.8551677576540346,0.18672007691075146,25.58481012658227,0.784832974137931
51,G3,G1,0.529113924050633,0.41265822784810124,0.4050632911392405,0.7655502392344496,1.8551677576540344,0.18672007691075146,2.5051924567295263,0.9789314516129032
52,G3,G2,0.529113924050633,0.6303797468354431,0.5215189873417722,0.985645933014354,1.5635748736573085,0.1879762858516263,25.750210970464,0.7654504645578869
53,G2,G3,0.6303797468354431,0.529113924050633,0.5215189873417722,0.8273092369477911,1.5635748736573085,0.1879762858516263,2.7267589049161014,0.9751629206011436
54,"Medu, Fedu",famrel,0.42025316455696204,0.7620253164556962,0.3240506329113924,0.7710843373493975,1.0118880838970499,0.0038070821983656744,1.0395736175882744,0.020264737991266525
55,"Medu, famrel",Fedu,0.4481012658227848,0.4962025316455696,0.3240506329113924,0.7231638418079096,1.4573965179292057,0.10170165037654225,1.8198398346680444,0.5686639908256882
56,"Fedu, famrel",Medu,0.38734177215189874,0.5822784810126582,0.3240506329113924,0.8366013071895425,1.4367718101733447,0.09850985419003366,2.556455696202532,0.49619059917355385
57,Medu,"Fedu, famrel",0.5822784810126582,0.38734177215189874,0.3240506329113924,0.5565217391304348,1.4367718101733447,0.09850985419003366,1.3814842392653262,0.7277462121212123
58,Fedu,"Medu, famrel",0.4962025316455696,0.4481012658227848,0.3240506329113924,0.653061224489796,1.4573965179292057,0.10170165037654225,1.5907669396872677,0.622958542713568
59,famrel,"Medu, Fedu",0.7620253164556962,0.42025316455696204,0.3240506329113924,0.42524916943521596,1.0118880838970499,0.0038070821983656744,1.0086924709153435,0.04936835106383014
60,"Medu, Fedu",health,0.42025316455696204,0.5367088607594936,0.2379746835443038,0.5662650602409638,1.0550693339395316,0.012421086364364675,1.0681434599156117,0.09003066059648791
61,"Medu, health",Fedu,0.3139240506329114,0.4962025316455696,0.2379746835443038,0.7580645161290323,1.527732060566162,0.08220477487582117,2.0823628691983123,0.5034937583418387
62,"Fedu, health",Medu,0.2683544303797468,0.5822784810126582,0.2379746835443038,0.8867924528301887,1.522969647251846,0.08171767344976766,3.68987341772152,0.46933667083854813
63,Medu,"Fedu, health",0.5822784810126582,0.2683544303797468,0.2379746835443038,0.408695652173913,1.5229696472518457,0.08171767344976766,1.2373417721518987,0.8220502901353965
64,Fedu,"Medu, health",0.4962025316455696,0.3139240506329114,0.2379746835443038,0.47959183673469385,1.5277320605661617,0.08220477487582117,1.3183420203524447,0.6856623543248155
65,health,"Medu, Fedu",0.5367088607594936,0.42025316455696204,0.2379746835443038,0.44339622641509435,1.0550693339395316,0.012421086364364675,1.041579060287492,0.11266131845134277
66,"Medu, Fedu",G2,0.42025316455696204,0.6303797468354431,0.2936708860759494,0.6987951807228916,1.1085305075724585,0.02875180259573784,1.227139240506329,0.16887516940219835
67,"Medu, G2",Fedu,0.39746835443037976,0.4962025316455696,0.2936708860759494,0.7388535031847134,1.4890159885610297,0.09644608235859639,1.929175671503551,0.5450594030715735
68,"Fedu, G2",Medu,0.3493670886075949,0.5822784810126582,0.2936708860759494,0.8405797101449276,1.4436042848141148,0.09024194840570424,2.620253164556963,0.4722930363611969
69,Medu,"Fedu, G2",0.5822784810126582,0.3493670886075949,0.2936708860759494,0.5043478260869565,1.4436042848141146,0.09024194840570424,1.3126804352653787,0.7356321839080461
70,Fedu,"Medu, G2",0.4962025316455696,0.39746835443037976,0.2936708860759494,0.5918367346938775,1.4890159885610295,0.09644608235859639,1.4762025316455696,0.651880090105701
71,G2,"Medu, Fedu",0.6303797468354431,0.42025316455696204,0.2936708860759494,0.46586345381526106,1.1085305075724585,0.02875180259573784,1.0853906919196725,0.26487954652810564
72,"Medu, Fedu",G3,0.42025316455696204,0.529113924050633,0.25063291139240507,0.5963855421686747,1.12714013950539,0.02827111039897451,1.1666729642924616,0.19456574478408528
73,"Medu, G3",Fedu,0.3367088607594937,0.4962025316455696,0.25063291139240507,0.7443609022556391,1.500115083627436,0.08355712225604872,1.9707371556217426,0.5026216362094226
74,"Fedu, G3",Medu,0.28860759493670884,0.5822784810126582,0.25063291139240507,0.868421052631579,1.4914187643020596,0.08258291940394169,3.1746835443037984,0.46317265178475153
75,Medu,"Fedu, G3",0.5822784810126582,0.28860759493670884,0.25063291139240507,0.43043478260869567,1.4914187643020596,0.08258291940394169,1.249009566141656,0.7887970615243344
76,Fedu,"Medu, G3",0.4962025316455696,0.3367088607594937,0.25063291139240507,0.5051020408163266,1.500115083627436,0.08355712225604872,1.3402583844447347,0.6617430587279834
77,G3,"Medu, Fedu",0.529113924050633,0.42025316455696204,0.25063291139240507,0.47368421052631576,1.12714013950539,0.02827111039897451,1.101518987341772,0.23954599761051362
78,"Medu, famrel",health,0.4481012658227848,0.5367088607594936,0.25569620253164554,0.5706214689265536,1.0631862274810788,0.015196282647011672,1.0789806795469687,0.10768462167317633
79,"Medu, health",famrel,0.3139240506329114,0.7620253164556962,0.25569620253164554,0.814516129032258,1.0688832922516343,0.016478128505047263,1.282993946064942,0.09393153337473967
80,"famrel, health",Medu,0.43291139240506327,0.5822784810126582,0.25569620253164554,0.5906432748538012,1.0143656242054413,0.00362121454895048,1.0204339963833635,0.024973479490806163
81,Medu,"famrel, health",0.5822784810126582,0.43291139240506327,0.25569620253164554,0.43913043478260866,1.014365624205441,0.00362121454895048,1.0110882150917475,0.03390339033903382
82,famrel,"Medu, health",0.7620253164556962,0.3139240506329114,0.25569620253164554,0.33554817275747506,1.0688832922516343,0.016478128505047263,1.0325443037974682,0.2708026121761111
83,health,"Medu, famrel",0.5367088607594936,0.4481012658227848,0.25569620253164554,0.4764150943396226,1.0631862274810786,0.015196282647011672,1.0540768616717984,0.1282800411188658
84,"Medu, famrel",G1,0.4481012658227848,0.41265822784810124,0.21265822784810126,0.4745762711864407,1.1500467921389208,0.02774555359717995,1.1178440179665172,0.2364023591087812
85,"Medu, G1",famrel,0.2708860759493671,0.7620253164556962,0.21265822784810126,0.7850467289719626,1.0302108237339709,0.006236180099343069,1.1070996147495873,0.04021990740740751
86,"G1, famrel",Medu,0.3189873417721519,0.5822784810126582,0.21265822784810126,0.6666666666666667,1.1449275362318843,0.026918763018747016,1.2531645569620256,0.18587360594795552
87,Medu,"G1, famrel",0.5822784810126582,0.3189873417721519,0.21265822784810126,0.3652173913043478,1.144927536231884,0.026918763018747016,1.0728281602219527,0.30303030303030326
88,famrel,"Medu, G1",0.7620253164556962,0.2708860759493671,0.21265822784810126,0.27906976744186046,1.0302108237339709,0.006236180099343069,1.0113515720702329,0.12322695035461022
89,G1,"Medu, famrel",0.41265822784810124,0.4481012658227848,0.21265822784810126,0.5153374233128835,1.1500467921389208,0.02774555359717995,1.1387277679858998,0.22213669950738923
90,"Medu, famrel",G2,0.4481012658227848,0.6303797468354431,0.31139240506329113,0.6949152542372882,1.1023756041113606,0.028918442557282487,1.2115330520393812,0.16827030655627656
91,"Medu, G2",famrel,0.39746835443037976,0.7620253164556962,0.31139240506329113,0.7834394904458598,1.0281016568973909,0.008511456497356185,1.0988830975428145,0.04536448725831792
92,"famrel, G2",Medu,0.4860759493670886,0.5822784810126582,0.31139240506329113,0.640625,1.1002038043478262,0.028360839609037014,1.1623555310952118,0.1772197524930914
93,Medu,"famrel, G2",0.5822784810126582,0.4860759493670886,0.31139240506329113,0.5347826086956522,1.1002038043478262,0.028360839609037014,1.1046965574352303,0.21803399852180338
94,famrel,"Medu, G2",0.7620253164556962,0.39746835443037976,0.31139240506329113,0.40863787375415284,1.0281016568973909,0.008511456497356185,1.0188877826767173,0.11485902093063471
95,G2,"Medu, famrel",0.6303797468354431,0.4481012658227848,0.31139240506329113,0.4939759036144578,1.1023756041113606,0.028918442557282487,1.0906570223025918,0.25125292348813905
96,"Medu, famrel",G3,0.4481012658227848,0.529113924050633,0.2582278481012658,0.576271186440678,1.089124969588841,0.021131228969716365,1.1112911392405063,0.14827307069616819
97,"Medu, G3",famrel,0.3367088607594937,0.7620253164556962,0.2582278481012658,0.7669172932330827,1.006419703744411,0.0016471719275756858,1.020988158432013,0.009616823828768014
98,"famrel, G3",Medu,0.4,0.5822784810126582,0.2582278481012658,0.6455696202531644,1.1086956521739129,0.0253164556962025,1.1785714285714282,0.16339869281045732
99,Medu,"famrel, G3",0.5822784810126582,0.4,0.2582278481012658,0.4434782608695652,1.1086956521739129,0.0253164556962025,1.078125,0.23469994058229324
100,famrel,"Medu, G3",0.7620253164556962,0.3367088607594937,0.2582278481012658,0.3388704318936877,1.0064197037444107,0.0016471719275756858,1.0032695121175497,0.026804338756778925
101,G3,"Medu, famrel",0.529113924050633,0.4481012658227848,0.2582278481012658,0.48803827751196166,1.089124969588841,0.021131228969716365,1.0780078078788595,0.17378241619228316
102,"Medu, G2",health,0.39746835443037976,0.5367088607594936,0.21518987341772153,0.5414012738853503,1.0087429395505347,0.0018650857234417673,1.0102320675105485,0.014384577360355992
103,"Medu, health",G2,0.3139240506329114,0.6303797468354431,0.21518987341772153,0.685483870967742,1.0874141728203135,0.01729850985419004,1.1752028562155146,0.11716952463642288
104,"G2, health",Medu,0.3291139240506329,0.5822784810126582,0.21518987341772153,0.653846153846154,1.1229096989966558,0.023553917641403632,1.206751054852321,0.1631520532741399
105,Medu,"G2, health",0.5822784810126582,0.3291139240506329,0.21518987341772153,0.3695652173913044,1.1229096989966556,0.023553917641403632,1.06416412047141,0.26203208556149743
106,G2,"Medu, health",0.6303797468354431,0.3139240506329114,0.21518987341772153,0.3413654618473896,1.0874141728203135,0.01729850985419004,1.0416640938561286,0.21748589846897676
107,health,"Medu, G2",0.5367088607594936,0.39746835443037976,0.21518987341772153,0.4009433962264151,1.0087429395505347,0.0018650857234417673,1.0058008571713346,0.01870781099324987
108,"Medu, G2",G1,0.39746835443037976,0.41265822784810124,0.2683544303797468,0.6751592356687898,1.6361220741666993,0.1043358436148053,1.808091337800943,0.6452750911685429
109,"Medu, G1",G2,0.2708860759493671,0.6303797468354431,0.2683544303797468,0.9906542056074766,1.5715197237548324,0.0975933344015382,39.54936708860759,0.4987879979035639
110,"G1, G2",Medu,0.41012658227848103,0.5822784810126582,0.2683544303797468,0.6543209876543209,1.123725174449812,0.02954654702771989,1.208408679927667,0.18665478986152706
111,Medu,"G1, G2",0.5822784810126582,0.41012658227848103,0.2683544303797468,0.4608695652173913,1.123725174449812,0.02954654702771989,1.0941200489995917,0.26357918810748976
112,G2,"Medu, G1",0.6303797468354431,0.2708860759493671,0.2683544303797468,0.4257028112449799,1.5715197237548322,0.0975933344015382,1.2695759936266264,0.9839105712070302
113,G1,"Medu, G2",0.41265822784810124,0.39746835443037976,0.2683544303797468,0.6503067484662577,1.6361220741666993,0.1043358436148053,1.7230290917166333,0.6619632400780741
114,"Medu, G3",G1,0.3367088607594937,0.41265822784810124,0.26582278481012656,0.7894736842105262,1.913141750080723,0.1268771030283608,2.789873417721518,0.719592875318066
115,"Medu, G1",G3,0.2708860759493671,0.529113924050633,0.26582278481012656,0.9813084112149532,1.8546259446407007,0.12249319019387914,25.192405063290984,0.6320105820105818
116,"G1, G3",Medu,0.4050632911392405,0.5822784810126582,0.26582278481012656,0.6562499999999999,1.1270380434782608,0.029963146931581447,1.2151898734177211,0.1894630192502531
117,Medu,"G1, G3",0.5822784810126582,0.4050632911392405,0.26582278481012656,0.45652173913043476,1.1270380434782608,0.029963146931581447,1.0946835443037977,0.2698412698412696
118,G3,"Medu, G1",0.529113924050633,0.2708860759493671,0.26582278481012656,0.5023923444976076,1.854625944640701,0.12249319019387914,1.4652385589094448,0.9785970302099333
119,G1,"Medu, G3",0.41265822784810124,0.3367088607594937,0.26582278481012656,0.6441717791411042,1.913141750080723,0.1268771030283608,1.864076822348319,0.8126436781609194
120,"Medu, G3",G2,0.3367088607594937,0.6303797468354431,0.3367088607594937,1.0,1.5863453815261044,0.12445441435667362,inf,0.5572519083969466
121,"Medu, G2",G3,0.39746835443037976,0.529113924050633,0.3367088607594937,0.8471337579617835,1.6010422698320788,0.12640282006088768,3.0803797468354435,0.6230492196878752
122,"G3, G2",Medu,0.5215189873417722,0.5822784810126582,0.3367088607594937,0.6456310679611651,1.1088011819333052,0.03303957699086685,1.1787757933067455,0.20507618251979154
123,Medu,"G3, G2",0.5822784810126582,0.5215189873417722,0.3367088607594937,0.5782608695652174,1.1088011819333052,0.03303957699086685,1.1345426073339422,0.2349054454317612
124,G3,"Medu, G2",0.529113924050633,0.39746835443037976,0.3367088607594937,0.6363636363636364,1.6010422698320788,0.12640282006088768,1.6569620253164556,0.7972350230414748
125,G2,"Medu, G3",0.6303797468354431,0.3367088607594937,0.3367088607594937,0.5341365461847389,1.5863453815261044,0.12445441435667362,1.4237887385421213,1.0000000000000002
126,"famrel, Fedu",health,0.38734177215189874,0.5367088607594936,0.22025316455696203,0.5686274509803921,1.0594709581945987,0.012363403300753084,1.0739930955120829,0.09162154459960103
127,"famrel, health",Fedu,0.43291139240506327,0.4962025316455696,0.22025316455696203,0.5087719298245614,1.0253311851056213,0.005441435667361022,1.0255877034358047,0.04356527093596076
128,"Fedu, health",famrel,0.2683544303797468,0.7620253164556962,0.22025316455696203,0.8207547169811321,1.0770701435466685,0.015760294824547383,1.327648234510327,0.09780058067851909
129,famrel,"Fedu, health",0.7620253164556962,0.2683544303797468,0.22025316455696203,0.28903654485049834,1.0770701435466685,0.015760294824547383,1.0290902638116646,0.3006847640009788
130,Fedu,"famrel, health",0.4962025316455696,0.43291139240506327,0.22025316455696203,0.4438775510204082,1.0253311851056213,0.005441435667361022,1.0197189641156663,0.04903829492289051
131,health,"famrel, Fedu",0.5367088607594936,0.38734177215189874,0.22025316455696203,0.41037735849056606,1.0594709581945987,0.012363403300753084,1.0390683544303798,0.1211607311098549
132,"Fedu, G2",famrel,0.3493670886075949,0.7620253164556962,0.28354430379746837,0.8115942028985508,1.0650488709133807,0.01731773754206062,1.2630963972736131,0.09387159533073958
133,"Fedu, famrel",G2,0.38734177215189874,0.6303797468354431,0.28354430379746837,0.7320261437908497,1.1612462923589784,0.03937189552956258,1.3793146032726151,0.22664551357733181
134,"famrel, G2",Fedu,0.4860759493670886,0.4962025316455696,0.28354430379746837,0.5833333333333334,1.1755952380952381,0.04235218714949532,1.209113924050633,0.2906403940886702
135,Fedu,"famrel, G2",0.4962025316455696,0.4860759493670886,0.28354430379746837,0.5714285714285715,1.1755952380952384,0.04235218714949532,1.1991561181434602,0.29648241206030185
136,G2,"Fedu, famrel",0.6303797468354431,0.38734177215189874,0.28354430379746837,0.4497991967871486,1.1612462923589784,0.03937189552956258,1.1135175090085927,0.37567270058708424
137,famrel,"Fedu, G2",0.7620253164556962,0.3493670886075949,0.28354430379746837,0.372093023255814,1.0650488709133807,0.01731773754206062,1.036193155180497,0.25664893617021345
138,"Fedu, G3",famrel,0.28860759493670884,0.7620253164556962,0.22784810126582278,0.7894736842105263,1.0360202832663055,0.007921807402659853,1.1303797468354433,0.048873072360616984
139,"Fedu, famrel",G3,0.38734177215189874,0.529113924050633,0.22784810126582278,0.5882352941176471,1.1117365606529692,0.022900176253805443,1.1435804701627486,0.16404958677685927
140,"famrel, G3",Fedu,0.4,0.4962025316455696,0.22784810126582278,0.5696202531645569,1.1479591836734693,0.029367088607594932,1.1705882352941175,0.21481481481481482
141,Fedu,"famrel, G3",0.4962025316455696,0.4,0.22784810126582278,0.45918367346938777,1.1479591836734693,0.029367088607594932,1.109433962264151,0.2558347292015633
142,G3,"Fedu, famrel",0.529113924050633,0.38734177215189874,0.22784810126582278,0.43062200956937796,1.1117365606529692,0.022900176253805443,1.076013190086161,0.21344086021505346
143,famrel,"Fedu, G3",0.7620253164556962,0.28860759493670884,0.22784810126582278,0.29900332225913623,1.0360202832663055,0.007921807402659853,1.0148299238106664,0.14609929078014225
144,"G1, Fedu",G2,0.22025316455696203,0.6303797468354431,0.21772151898734177,0.9885057471264367,1.568111526566034,0.07887838487421886,32.15696202531618,0.4646254907882814
145,"G1, G2",Fedu,0.41012658227848103,0.4962025316455696,0.21772151898734177,0.5308641975308641,1.069853867472915,0.014215670565614485,1.073884077281812,0.11068968958977941
146,"Fedu, G2",G1,0.3493670886075949,0.41265822784810124,0.21772151898734177,0.6231884057971014,1.510180492575798,0.0735523153340811,1.5587147030185005,0.5192290290471453
147,G1,"Fedu, G2",0.41265822784810124,0.3493670886075949,0.21772151898734177,0.5276073619631902,1.5101804925757982,0.0735523153340811,1.3773138254150914,0.5751804330392944
148,Fedu,"G1, G2",0.4962025316455696,0.41012658227848103,0.21772151898734177,0.4387755102040816,1.069853867472915,0.014215670565614485,1.0510471806674337,0.12960149585134978
149,G2,"G1, Fedu",0.6303797468354431,0.22025316455696203,0.21772151898734177,0.34538152610441764,1.5681115265660341,0.07887838487421886,1.191147006290285,0.9801688435807582
150,"G1, Fedu",G3,0.22025316455696203,0.529113924050633,0.21518987341772153,0.9770114942528736,1.8465049771764834,0.09865085723441755,20.48354430379749,0.587929717341482
151,"G1, G3",Fedu,0.4050632911392405,0.4962025316455696,0.21518987341772153,0.53125,1.0706313775510206,0.014196442877743964,1.0747679324894515,0.11088861076345441
152,"Fedu, G3",G1,0.28860759493670884,0.41265822784810124,0.21518987341772153,0.7456140350877194,1.8068560972984613,0.09609357474763662,2.3088607594936716,0.6277161398367177
153,G1,"Fedu, G3",0.41265822784810124,0.28860759493670884,0.21518987341772153,0.5214723926380369,1.8068560972984613,0.09609357474763662,1.4866277182732883,0.7602941176470589
154,Fedu,"G1, G3",0.4962025316455696,0.4050632911392405,0.21518987341772153,0.43367346938775514,1.0706313775510206,0.014196442877743964,1.0505188733036834,0.13094886195684313
155,G3,"G1, Fedu",0.529113924050633,0.22025316455696203,0.21518987341772153,0.4066985645933014,1.8465049771764832,0.09865085723441755,1.3142507145773785,0.973561037318153
156,"Fedu, G3",G2,0.28860759493670884,0.6303797468354431,0.28860759493670884,1.0,1.5863453815261044,0.10667521230572022,inf,0.5195729537366548
157,"Fedu, G2",G3,0.3493670886075949,0.529113924050633,0.28860759493670884,0.8260869565217391,1.5612648221343872,0.10375260374939912,2.7075949367088605,0.5525291828793775
158,"G3, G2",Fedu,0.5215189873417722,0.4962025316455696,0.28860759493670884,0.5533980582524272,1.1152664949474935,0.029828553116487744,1.1280682443588332,0.21600297038893532
159,Fedu,"G3, G2",0.4962025316455696,0.5215189873417722,0.28860759493670884,0.5816326530612245,1.1152664949474935,0.029828553116487744,1.1436863229391787,0.20514854976637575
160,G3,"Fedu, G2",0.529113924050633,0.3493670886075949,0.28860759493670884,0.5454545454545454,1.5612648221343874,0.10375260374939912,1.4313924050632911,0.7634408602150539
161,G2,"Fedu, G3",0.6303797468354431,0.28860759493670884,0.28860759493670884,0.4578313253012048,1.5863453815261044,0.10667521230572022,1.3121237693389591,1.0
162,"famrel, G2",health,0.4860759493670886,0.5367088607594936,0.2708860759493671,0.5572916666666667,1.0383500393081764,0.010004806921967646,1.046492926284438,0.07186593619078319
163,"G2, health",famrel,0.3291139240506329,0.7620253164556962,0.2708860759493671,0.8230769230769232,1.0801175568617432,0.020092933824707615,1.345074298293892,0.11056251102098415
164,famrel,"G2, health",0.7620253164556962,0.3291139240506329,0.2708860759493671,0.3554817275747508,1.080117556861743,0.020092933824707615,1.0409108704162862,0.3116921853251149
165,health,"famrel, G2",0.5367088607594936,0.4860759493670886,0.2708860759493671,0.5047169811320755,1.0383500393081762,0.010004806921967646,1.037637130801688,0.07972013686737153
166,"famrel, G3",health,0.4,0.5367088607594936,0.23037974683544304,0.5759493670886076,1.0731132075471699,0.01569620253164558,1.0925373134328358,0.11355311355311364
167,"famrel, health",G3,0.43291139240506327,0.529113924050633,0.23037974683544304,0.5321637426900585,1.0057640113041775,0.0013203012337766329,1.0065189873417721,0.010105965463108277
168,"G3, health",famrel,0.28607594936708863,0.7620253164556962,0.23037974683544304,0.8053097345132743,1.056801811072237,0.012382630988623605,1.2223245109321057,0.07528641571194755
169,famrel,"G3, health",0.7620253164556962,0.28607594936708863,0.23037974683544304,0.3023255813953489,1.056801811072237,0.012382630988623605,1.0232911392405064,0.2258592471358426
170,G3,"famrel, health",0.529113924050633,0.43291139240506327,0.23037974683544304,0.4354066985645933,1.0057640113041775,0.0013203012337766329,1.0044196524350997,0.01217062507385083
171,health,"famrel, G3",0.5367088607594936,0.4,0.23037974683544304,0.42924528301886794,1.0731132075471699,0.01569620253164558,1.0512396694214876,0.1470605896835406
172,"G1, famrel",G2,0.3189873417721519,0.6303797468354431,0.31645569620253167,0.9920634920634922,1.5737553388155798,0.11537253645249163,46.572151898734994,0.5353457249070632
173,"G1, G2",famrel,0.41012658227848103,0.7620253164556962,0.31645569620253167,0.7716049382716049,1.012571264509249,0.003928857554879039,1.0419432090318168,0.021047210300429255
174,"famrel, G2",G1,0.4860759493670886,0.41265822784810124,0.31645569620253167,0.6510416666666667,1.5776776584867078,0.1158724563371255,1.6831286604949938,0.712472906403941
175,G1,"famrel, G2",0.41265822784810124,0.4860759493670886,0.31645569620253167,0.7668711656441719,1.5776776584867078,0.1158724563371255,2.204463690872753,0.6234137931034485
176,famrel,"G1, G2",0.7620253164556962,0.41012658227848103,0.31645569620253167,0.41528239202657813,1.012571264509249,0.003928857554879039,1.008817606444189,0.05217021276595761
177,G2,"G1, famrel",0.6303797468354431,0.3189873417721519,0.31645569620253167,0.5020080321285141,1.57375533881558,0.11537253645249163,1.36751735402205,0.986356164383562
178,"G1, famrel",G3,0.3189873417721519,0.529113924050633,0.31139240506329113,0.9761904761904763,1.8449532923217133,0.14261176093574746,19.777215189873488,0.6724997733248707
179,"G1, G3",famrel,0.4050632911392405,0.7620253164556962,0.31139240506329113,0.76875,1.008824750830565,0.0027239224483255886,1.0290797126240168,0.014703338522746927
180,"famrel, G3",G1,0.4,0.41265822784810124,0.31139240506329113,0.7784810126582278,1.8865030674846626,0.14632911392405062,2.651428571428571,0.7831978319783198
181,G1,"famrel, G3",0.41265822784810124,0.4,0.31139240506329113,0.754601226993865,1.8865030674846623,0.14632911392405062,2.445,0.8000770955985421
182,famrel,"G1, G3",0.7620253164556962,0.4050632911392405,0.31139240506329113,0.40863787375415284,1.0088247508305648,0.0027239224483255886,1.0060446593656664,0.03675834630686732
183,G3,"G1, famrel",0.529113924050633,0.3189873417721519,0.31139240506329113,0.5885167464114832,1.8449532923217133,0.14261176093574746,1.6550191345304681,0.9725937581956464
184,"famrel, G3",G2,0.4,0.6303797468354431,0.3924050632911392,0.981012658227848,1.5562248995983934,0.14025316455696196,19.466666666666562,0.5956989247311826
185,"famrel, G2",G3,0.4860759493670886,0.529113924050633,0.3924050632911392,0.8072916666666666,1.5257426236044656,0.13521551033488222,2.4435169346561745,0.6704910217702207
186,G3,"famrel, G2",0.529113924050633,0.4860759493670886,0.3924050632911392,0.7416267942583731,1.5257426236044656,0.13521551033488222,1.9890764181903415,0.7317724592438432
187,G2,"famrel, G3",0.6303797468354431,0.4,0.3924050632911392,0.6224899598393574,1.5562248995983934,0.14025316455696196,1.5893617021276594,0.9669907202828101
188,"G3, freetime",G2,0.21012658227848102,0.6303797468354431,0.20253164556962025,0.963855421686747,1.5290075966516667,0.07007210382951448,10.22616033755274,0.43802083333333325
189,"freetime, G2",G3,0.2379746835443038,0.529113924050633,0.20253164556962025,0.851063829787234,1.6084699175404662,0.07661592693478608,3.161663652802893,0.4964285714285714
190,G3,"freetime, G2",0.529113924050633,0.2379746835443038,0.20253164556962025,0.3827751196172248,1.608469917540466,0.07661592693478608,1.2345991561181435,0.8033602150537634
191,G2,"G3, freetime",0.6303797468354431,0.21012658227848102,0.20253164556962025,0.321285140562249,1.5290075966516667,0.07007210382951448,1.163777994157741,0.936044520547945
192,"G1, G2",health,0.41012658227848103,0.5367088607594936,0.22025316455696203,0.537037037037037,1.0006114605171208,0.00013459381509373092,1.0007088607594936,0.0010359627053425763
193,"G1, health",G2,0.22278481012658227,0.6303797468354431,0.22025316455696203,0.9886363636363636,1.5683187294633076,0.07981413235058485,32.52658227848104,0.4662473323598787
194,"G2, health",G1,0.3291139240506329,0.41265822784810124,0.22025316455696203,0.6692307692307693,1.6217555450684287,0.08444159589809327,1.7756844274359733,0.5714595532422468
195,G1,"G2, health",0.41265822784810124,0.3291139240506329,0.22025316455696203,0.5337423312883436,1.6217555450684287,0.08444159589809327,1.4388740839440375,0.6527447483154976
196,G2,"G1, health",0.6303797468354431,0.22278481012658227,0.22025316455696203,0.3493975903614458,1.5683187294633079,0.07981413235058485,1.1946085325832163,0.9803967879074162
197,health,"G1, G2",0.5367088607594936,0.41012658227848103,0.22025316455696203,0.41037735849056606,1.0006114605171208,0.00013459381509373092,1.0004253164556964,0.0013190126248350837
198,"G1, G3",health,0.4050632911392405,0.5367088607594936,0.21772151898734177,0.5375,1.0014740566037736,0.0003204614645088977,1.0017105713308245,0.0024740227610094384
199,"G1, health",G3,0.22278481012658227,0.529113924050633,0.21772151898734177,0.9772727272727273,1.8469986950848194,0.09984297388239063,20.71898734177217,0.5900310582531626
200,"G3, health",G1,0.28607594936708863,0.41265822784810124,0.21772151898734177,0.7610619469026548,1.844291221021771,0.09966992469155583,2.4581340834505387,0.6412254659409532
201,G1,"G3, health",0.41265822784810124,0.28607594936708863,0.21772151898734177,0.5276073619631902,1.844291221021771,0.09966992469155583,1.511293769521618,0.7794206094627104
202,G3,"G1, health",0.529113924050633,0.22278481012658227,0.21772151898734177,0.41148325358851673,1.8469986950848194,0.09984297388239063,1.3206339405166203,0.9738684671167793
203,health,"G1, G3",0.5367088607594936,0.4050632911392405,0.21772151898734177,0.4056603773584906,1.0014740566037736,0.0003204614645088977,1.0010046212577859,0.003177023764137804
204,"G3, G2",health,0.5215189873417722,0.5367088607594936,0.2810126582278481,0.5388349514563107,1.003961348232277,0.001108796667200762,1.004610259826782,0.008246341579674861
205,"G3, health",G2,0.28607594936708863,0.6303797468354431,0.2810126582278481,0.9823008849557521,1.5582684721185625,0.10067617369011375,20.883544303797304,0.5018209699060762
206,"G2, health",G3,0.3291139240506329,0.529113924050633,0.2810126582278481,0.8538461538461539,1.6137283768862716,0.10687389841371575,3.2218520986009342,0.5668876423593405
207,G3,"G2, health",0.529113924050633,0.3291139240506329,0.2810126582278481,0.5311004784688995,1.6137283768862718,0.10687389841371575,1.4307672436063033,0.8076625012108883
208,G2,"G3, health",0.6303797468354431,0.28607594936708863,0.2810126582278481,0.4457831325301205,1.5582684721185627,0.10067617369011375,1.288167308750688,0.9692706405035172
209,health,"G3, G2",0.5367088607594936,0.5215189873417722,0.2810126582278481,0.5235849056603774,1.0039613482322771,0.001108796667200762,1.0043363830053893,0.008516713434746167
210,"G1, G3",G2,0.4050632911392405,0.6303797468354431,0.4050632911392405,1.0,1.5863453815261044,0.14971959621855468,inf,0.6212765957446806
211,"G1, G2",G3,0.41012658227848103,0.529113924050633,0.4050632911392405,0.9876543209876543,1.8666194104790594,0.1880596058323986,38.141772151898564,0.7870708154506436
212,"G3, G2",G1,0.5215189873417722,0.41265822784810124,0.4050632911392405,0.7766990291262136,1.8821847638334626,0.18985419003364845,2.630269675288938,0.979563492063492
213,G1,"G3, G2",0.41265822784810124,0.5215189873417722,0.4050632911392405,0.9815950920245399,1.8821847638334623,0.18985419003364845,25.997468354430374,0.7980064655172414
214,G3,"G1, G2",0.529113924050633,0.41012658227848103,0.4050632911392405,0.7655502392344496,1.8666194104790592,0.1880596058323986,2.515990700077498,0.9859543010752687
215,G2,"G1, G3",0.6303797468354431,0.4050632911392405,0.4050632911392405,0.642570281124498,1.5863453815261044,0.14971959621855468,1.6644858483857206,0.9999999999999998
216,"Medu, Fedu, G2",famrel,0.2936708860759494,0.7620253164556962,0.23544303797468355,0.8017241379310345,1.0520964600756102,0.011658388078833543,1.2002201430930106,0.07010444367364255
217,"Medu, Fedu, famrel",G2,0.3240506329113924,0.6303797468354431,0.23544303797468355,0.7265625,1.1525790662650601,0.031168082038134898,1.3517540687160938,0.1958439047964237
218,"Medu, famrel, G2",Fedu,0.31139240506329113,0.4962025316455696,0.23544303797468355,0.7560975609756098,1.523768043802887,0.0809293382470758,2.065569620253165,0.4991698292220114
219,"Fedu, G2, famrel",Medu,0.28354430379746837,0.5822784810126582,0.23544303797468355,0.8303571428571428,1.4260481366459625,0.07034129145970197,2.462358427714856,0.41699912610661494
220,"Medu, Fedu","famrel, G2",0.42025316455696204,0.4860759493670886,0.23544303797468355,0.5602409638554217,1.1525790662650601,0.031168082038134926,1.1686492110282642,0.22834202000281736
221,"Medu, G2","Fedu, famrel",0.39746835443037976,0.38734177215189874,0.23544303797468355,0.5923566878980892,1.5292868739852628,0.08148694119532127,1.5029272151898732,0.5744104093250204
222,"Medu, famrel","Fedu, G2",0.4481012658227848,0.3493670886075949,0.23544303797468355,0.5254237288135594,1.5039302382706954,0.07889120333279925,1.370976491862568,0.6071322876590708
223,"Fedu, G2","Medu, famrel",0.3493670886075949,0.4481012658227848,0.23544303797468355,0.673913043478261,1.5039302382706954,0.07889120333279925,1.6924894514767939,0.5149993724111963
224,"Fedu, famrel","Medu, G2",0.38734177215189874,0.39746835443037976,0.23544303797468355,0.6078431372549019,1.5292868739852628,0.08148694119532127,1.5364556962025315,0.5649160223940283
225,"famrel, G2","Medu, Fedu",0.4860759493670886,0.42025316455696204,0.23544303797468355,0.48437500000000006,1.1525790662650603,0.031168082038134926,1.1243574990410432,0.2575877959637693
226,Medu,"Fedu, G2, famrel",0.5822784810126582,0.28354430379746837,0.23544303797468355,0.4043478260869565,1.4260481366459627,0.07034129145970197,1.2028088330407467,0.7152166829586185
227,Fedu,"Medu, famrel, G2",0.4962025316455696,0.31139240506329113,0.23544303797468355,0.4744897959183674,1.523768043802887,0.0809293382470758,1.310360083568883,0.6822823796401362
228,G2,"Medu, Fedu, famrel",0.6303797468354431,0.3240506329113924,0.23544303797468355,0.37349397590361444,1.1525790662650601,0.031168082038134898,1.0789191820837392,0.3581528943879804
229,famrel,"Medu, Fedu, G2",0.7620253164556962,0.2936708860759494,0.23544303797468355,0.3089700996677741,1.05209646007561,0.011658388078833543,1.0221397273612465,0.20807595515900287
230,"Medu, Fedu, G3",G2,0.25063291139240507,0.6303797468354431,0.25063291139240507,1.0,1.5863453815261044,0.09263900016023072,inf,0.49324324324324315
231,"Medu, Fedu, G2",G3,0.2936708860759494,0.529113924050633,0.25063291139240507,0.853448275862069,1.6129764065335752,0.0952475564813331,3.213104988830975,0.5380326563122261
232,"Medu, G3, G2",Fedu,0.3367088607594937,0.4962025316455696,0.25063291139240507,0.7443609022556391,1.500115083627436,0.08355712225604872,1.9707371556217426,0.5026216362094226
233,"Fedu, G3, G2",Medu,0.28860759493670884,0.5822784810126582,0.25063291139240507,0.868421052631579,1.4914187643020596,0.08258291940394169,3.1746835443037984,0.46317265178475153
234,"Medu, Fedu","G3, G2",0.42025316455696204,0.5215189873417722,0.25063291139240507,0.5963855421686747,1.1435548017311965,0.03146290658548309,1.1854902701681465,0.2165321335627012
235,"Medu, G3","Fedu, G2",0.3367088607594937,0.3493670886075949,0.25063291139240507,0.7443609022556391,2.130598234717228,0.1329979170004807,2.5451228592702906,0.8000231320842008
236,"Medu, G2","Fedu, G3",0.39746835443037976,0.28860759493670884,0.25063291139240507,0.6305732484076433,2.1848809922896413,0.13592052555680179,1.925665648188564,0.9000509294626942
237,"Fedu, G3","Medu, G2",0.28860759493670884,0.39746835443037976,0.25063291139240507,0.868421052631579,2.1848809922896413,0.13592052555680179,4.579240506329115,0.7623207160573708
238,"Fedu, G2","Medu, G3",0.3493670886075949,0.3367088607594937,0.25063291139240507,0.7173913043478262,2.130598234717228,0.1329979170004807,2.347030185004869,0.8155877844593797
239,"G3, G2","Medu, Fedu",0.5215189873417722,0.42025316455696204,0.25063291139240507,0.48058252427184467,1.1435548017311965,0.03146290658548309,1.1161481130959423,0.2623590401368179
240,Medu,"Fedu, G3, G2",0.5822784810126582,0.28860759493670884,0.25063291139240507,0.43043478260869567,1.4914187643020596,0.08258291940394169,1.249009566141656,0.7887970615243344
241,Fedu,"Medu, G3, G2",0.4962025316455696,0.3367088607594937,0.25063291139240507,0.5051020408163266,1.500115083627436,0.08355712225604872,1.3402583844447347,0.6617430587279834
242,G3,"Medu, Fedu, G2",0.529113924050633,0.2936708860759494,0.25063291139240507,0.47368421052631576,1.6129764065335752,0.0952475564813331,1.342025316455696,0.8070489844683392
243,G2,"Medu, Fedu, G3",0.6303797468354431,0.25063291139240507,0.25063291139240507,0.39759036144578314,1.5863453815261044,0.09263900016023072,1.2439493670886077,0.9999999999999999
244,"Medu, famrel, G2",G1,0.31139240506329113,0.41265822784810124,0.21012658227848102,0.6747967479674797,1.6352436530500276,0.08162794423970521,1.8060759493670888,0.5641389085754787
245,"Medu, famrel, G1",G2,0.21265822784810126,0.6303797468354431,0.21012658227848102,0.9880952380952381,1.5674603174603174,0.07607114244512098,31.048101265822893,0.45980707395498394
246,"Medu, G2, G1",famrel,0.2683544303797468,0.7620253164556962,0.21012658227848102,0.7830188679245284,1.0275496771767068,0.005633712546066372,1.0967528893780962,0.03664484929336747
247,"G1, famrel, G2",Medu,0.31645569620253167,0.5822784810126582,0.21012658227848102,0.664,1.1403478260869566,0.025861240185867662,1.2432188065099459,0.18005354752342712
248,"Medu, famrel","G1, G2",0.4481012658227848,0.41012658227848103,0.21012658227848102,0.4689265536723164,1.1433703006207714,0.026348341611921178,1.110719095071371,0.22720238753177857
249,"Medu, G2","G1, famrel",0.39746835443037976,0.3189873417721519,0.21012658227848102,0.5286624203821656,1.6573147305631384,0.08333920846018267,1.4448511802942183,0.6582464311025615
250,"Medu, G1","famrel, G2",0.2708860759493671,0.4860759493670886,0.21012658227848102,0.7757009345794393,1.5958430685358258,0.07845537574106715,2.2912447257383977,0.5120900267737617
251,"famrel, G2","Medu, G1",0.4860759493670886,0.2708860759493671,0.21012658227848102,0.4322916666666667,1.5958430685358256,0.07845537574106715,1.2843107653001975,0.7265119591667161
252,"G1, famrel","Medu, G2",0.3189873417721519,0.39746835443037976,0.21012658227848102,0.6587301587301588,1.6573147305631384,0.08333920846018267,1.7655578451574925,0.58238903569669
253,"G1, G2","Medu, famrel",0.41012658227848103,0.4481012658227848,0.21012658227848102,0.5123456790123456,1.1433703006207714,0.026348341611921178,1.1317417080596057,0.21257562438595592
254,Medu,"G1, famrel, G2",0.5822784810126582,0.31645569620253167,0.21012658227848102,0.36086956521739133,1.1403478260869566,0.025861240185867662,1.0694910875742702,0.29463307776560804
255,famrel,"Medu, G2, G1",0.7620253164556962,0.2683544303797468,0.21012658227848102,0.27574750830564787,1.0275496771767068,0.005633712546066372,1.0102078736499827,0.11266341963599147
256,G2,"Medu, famrel, G1",0.6303797468354431,0.21265822784810126,0.21012658227848102,0.3333333333333333,1.5674603174603174,0.07607114244512098,1.181012658227848,0.9794520547945207
257,G1,"Medu, famrel, G2",0.41265822784810124,0.31139240506329113,0.21012658227848102,0.5092024539877301,1.6352436530500276,0.08162794423970521,1.4030379746835444,0.6614042376402163
258,"Medu, famrel, G3",G1,0.2582278481012658,0.41265822784810124,0.20759493670886076,0.803921568627451,1.9481534945266452,0.10103509053036373,2.995443037974684,0.656122533921585
259,"Medu, famrel, G1",G3,0.21265822784810126,0.529113924050633,0.20759493670886076,0.9761904761904762,1.8449532923217131,0.09507450729049831,19.777215189873395,0.5816798682456278
260,"Medu, G3, G1",famrel,0.26582278481012656,0.7620253164556962,0.20759493670886076,0.7809523809523811,1.0248378421135897,0.005031244992789646,1.0864061640066052,0.03301093355761163
261,"G1, famrel, G3",Medu,0.31139240506329113,0.5822784810126582,0.20759493670886076,0.6666666666666666,1.144927536231884,0.02627784008972922,1.2531645569620251,0.18382352941176477
262,"Medu, famrel","G1, G3",0.4481012658227848,0.4050632911392405,0.20759493670886076,0.4632768361581921,1.1437146892655368,0.02608556321102387,1.1084610259826781,0.22767957037368533
263,"Medu, G3","G1, famrel",0.3367088607594937,0.3189873417721519,0.20759493670886076,0.6165413533834586,1.9328082110036997,0.10018907226406025,1.7759741871432118,0.7276112455781047
264,"Medu, G1","famrel, G3",0.2708860759493671,0.4,0.20759493670886076,0.7663551401869159,1.9158878504672896,0.09924050632911391,2.5679999999999996,0.6556571815718156
265,"famrel, G3","Medu, G1",0.4,0.2708860759493671,0.20759493670886076,0.5189873417721519,1.9158878504672896,0.09924050632911391,1.5157894736842106,0.7967479674796747
266,"G1, famrel","Medu, G3",0.3189873417721519,0.3367088607594937,0.20759493670886076,0.6507936507936508,1.9328082110036997,0.10018907226406025,1.8994246260069045,0.7086771239459606
267,"G1, G3","Medu, famrel",0.4050632911392405,0.4481012658227848,0.20759493670886076,0.5125,1.1437146892655365,0.02608556321102387,1.1320999675430055,0.21120913336792937
268,Medu,"G1, famrel, G3",0.5822784810126582,0.31139240506329113,0.20759493670886076,0.3565217391304348,1.144927536231884,0.02627784008972922,1.0701334245638041,0.30303030303030315
269,famrel,"Medu, G3, G1",0.7620253164556962,0.26582278481012656,0.20759493670886076,0.2724252491694352,1.0248378421135897,0.005031244992789646,1.009074619964164,0.10184224182667416
270,G3,"Medu, famrel, G1",0.529113924050633,0.21265822784810126,0.20759493670886076,0.39234449760765544,1.8449532923217131,0.09507450729049831,1.2957041762184789,0.9725937581956465
271,G1,"Medu, famrel, G3",0.41265822784810124,0.2582278481012658,0.20759493670886076,0.5030674846625767,1.948153494526645,0.10103509053036373,1.4927019846851068,0.8286375105130362
272,"Medu, famrel, G3",G2,0.2582278481012658,0.6303797468354431,0.2582278481012658,1.0,1.5863453815261044,0.09544624258932863,inf,0.4982935153583618
273,"Medu, famrel, G2",G3,0.31139240506329113,0.529113924050633,0.2582278481012658,0.8292682926829268,1.5672773952619907,0.09346579073866365,2.7580470162748636,0.5256271626297577
274,"Medu, G3, G2",famrel,0.3367088607594937,0.7620253164556962,0.2582278481012658,0.7669172932330827,1.006419703744411,0.0016471719275756858,1.020988158432013,0.009616823828768014
275,"famrel, G3, G2",Medu,0.3924050632911392,0.5822784810126582,0.2582278481012658,0.6580645161290323,1.1301542776998599,0.029738823906425266,1.2216384045856223,0.1895424836601308
276,"Medu, famrel","G3, G2",0.4481012658227848,0.5215189873417722,0.2582278481012658,0.576271186440678,1.1049860128352806,0.02453452972280082,1.1292151898734177,0.17215326497571493
277,"Medu, G3","famrel, G2",0.3367088607594937,0.4860759493670886,0.2582278481012658,0.7669172932330827,1.5777725563909775,0.09456176894728408,2.204899959167007,0.5520880107768298
278,"Medu, G2","famrel, G3",0.39746835443037976,0.4,0.2582278481012658,0.6496815286624203,1.6242038216560508,0.09924050632911391,1.7127272727272724,0.637831603229527
279,"famrel, G3","Medu, G2",0.4,0.39746835443037976,0.2582278481012658,0.6455696202531644,1.6242038216560506,0.09924050632911391,1.6999999999999995,0.6405228758169934
280,"famrel, G2","Medu, G3",0.4860759493670886,0.3367088607594937,0.2582278481012658,0.53125,1.5777725563909775,0.09456176894728408,1.4150210970464134,0.7125470878006372
281,"G3, G2","Medu, famrel",0.5215189873417722,0.4481012658227848,0.2582278481012658,0.4951456310679611,1.1049860128352804,0.02453452972280082,1.0931840311587149,0.19856831621537493
282,Medu,"famrel, G3, G2",0.5822784810126582,0.3924050632911392,0.2582278481012658,0.4434782608695652,1.1301542776998599,0.029738823906425266,1.0917721518987342,0.2756981580510994
283,famrel,"Medu, G3, G2",0.7620253164556962,0.3367088607594937,0.2582278481012658,0.3388704318936877,1.0064197037444107,0.0016471719275756858,1.0032695121175497,0.026804338756778925
284,G3,"Medu, famrel, G2",0.529113924050633,0.31139240506329113,0.2582278481012658,0.48803827751196166,1.5672773952619907,0.09346579073866365,1.3450372648763749,0.7686590765338392
285,G2,"Medu, famrel, G3",0.6303797468354431,0.2582278481012658,0.2582278481012658,0.40963855421686746,1.5863453815261044,0.09544624258932863,1.2564711960733659,1.0
286,"Medu, G3, G2",G1,0.3367088607594937,0.41265822784810124,0.26582278481012656,0.7894736842105262,1.913141750080723,0.1268771030283608,2.789873417721518,0.719592875318066
287,"Medu, G3, G1",G2,0.26582278481012656,0.6303797468354431,0.26582278481012656,1.0,1.5863453815261044,0.09825348501842651,inf,0.5034482758620689
288,"Medu, G2, G1",G3,0.2683544303797468,0.529113924050633,0.26582278481012656,0.9905660377358491,1.8721224158165566,0.12383271911552632,49.913924050632914,0.6367111550502552
289,"G1, G3, G2",Medu,0.4050632911392405,0.5822784810126582,0.26582278481012656,0.6562499999999999,1.1270380434782608,0.029963146931581447,1.2151898734177211,0.1894630192502531
290,"Medu, G3","G1, G2",0.3367088607594937,0.41012658227848103,0.26582278481012656,0.7894736842105262,1.9249512670565299,0.12772953052395444,2.801898734177214,0.7244274809160303
291,"Medu, G2","G1, G3",0.39746835443037976,0.4050632911392405,0.26582278481012656,0.6687898089171974,1.6510748407643312,0.10482294504085882,1.796251217137293,0.6544617847138856
292,"Medu, G1","G3, G2",0.2708860759493671,0.5215189873417722,0.26582278481012656,0.9813084112149532,1.881635060339352,0.12455055279602625,25.598734177215036,0.6426256613756614
293,"G3, G2","Medu, G1",0.5215189873417722,0.2708860759493671,0.26582278481012656,0.5097087378640777,1.8816350603393521,0.12455055279602625,1.4871036470735681,0.9792391030486267
294,"G1, G3","Medu, G2",0.4050632911392405,0.39746835443037976,0.26582278481012656,0.6562499999999999,1.651074840764331,0.10482294504085882,1.7528193325661674,0.6628166160081053
295,"G1, G2","Medu, G3",0.41012658227848103,0.3367088607594937,0.26582278481012656,0.648148148148148,1.9249512670565299,0.12772953052395444,1.8851432378414383,0.8145922746781113
296,Medu,"G1, G3, G2",0.5822784810126582,0.4050632911392405,0.26582278481012656,0.45652173913043476,1.1270380434782608,0.029963146931581447,1.0946835443037977,0.2698412698412696
297,G3,"Medu, G2, G1",0.529113924050633,0.2683544303797468,0.26582278481012656,0.5023923444976076,1.8721224158165568,0.12383271911552632,1.470326192794547,0.9892985151049667
298,G2,"Medu, G3, G1",0.6303797468354431,0.26582278481012656,0.26582278481012656,0.4216867469879517,1.5863453815261042,0.09825348501842651,1.2695147679324894,1.0
299,G1,"Medu, G3, G2",0.41265822784810124,0.3367088607594937,0.26582278481012656,0.6441717791411042,1.913141750080723,0.1268771030283608,1.864076822348319,0.8126436781609194
300,"Fedu, G3, G2",famrel,0.28860759493670884,0.7620253164556962,0.22784810126582278,0.7894736842105263,1.0360202832663055,0.007921807402659853,1.1303797468354433,0.048873072360616984
301,"Fedu, G3, famrel",G2,0.22784810126582278,0.6303797468354431,0.22784810126582278,1.0,1.5863453815261044,0.08421727287293701,inf,0.4786885245901638
302,"Fedu, G2, famrel",G3,0.28354430379746837,0.529113924050633,0.22784810126582278,0.8035714285714285,1.5187115516062881,0.0778208620413395,2.3972382048331404,0.47671770710639955
303,"famrel, G3, G2",Fedu,0.3924050632911392,0.4962025316455696,0.22784810126582278,0.5806451612903226,1.1701777485187626,0.03313571543021954,1.2013631937682572,0.239351851851852
304,"Fedu, G3","famrel, G2",0.28860759493670884,0.4860759493670886,0.22784810126582278,0.7894736842105263,1.6241776315789473,0.08756289056240987,2.4411392405063297,0.5402135231316726
305,"Fedu, G2","famrel, G3",0.3493670886075949,0.4,0.22784810126582278,0.6521739130434783,1.6304347826086956,0.0881012658227848,1.725,0.5942931258106355
306,"Fedu, famrel","G3, G2",0.38734177215189874,0.5215189873417722,0.22784810126582278,0.5882352941176471,1.1279268989149058,0.025842012497997113,1.1620253164556962,0.18512396694214878
307,"G3, G2","Fedu, famrel",0.5215189873417722,0.38734177215189874,0.22784810126582278,0.4368932038834951,1.1279268989149056,0.025842012497997113,1.0879965080750764,0.23703703703703702
308,"famrel, G3","Fedu, G2",0.4,0.3493670886075949,0.22784810126582278,0.5696202531645569,1.6304347826086956,0.0881012658227848,1.5117647058823527,0.6444444444444445
309,"famrel, G2","Fedu, G3",0.4860759493670886,0.28860759493670884,0.22784810126582278,0.46875,1.6241776315789476,0.08756289056240987,1.3390915860014891,0.747783251231527
310,Fedu,"famrel, G3, G2",0.4962025316455696,0.3924050632911392,0.22784810126582278,0.45918367346938777,1.1701777485187623,0.03313571543021954,1.1234774301409123,0.2886655499720828
311,G3,"Fedu, G2, famrel",0.529113924050633,0.28354430379746837,0.22784810126582278,0.43062200956937796,1.5187115516062883,0.0778208620413395,1.2583129454313373,0.7253285543608123
312,G2,"Fedu, G3, famrel",0.6303797468354431,0.22784810126582278,0.22784810126582278,0.3614457831325301,1.5863453815261044,0.08421727287293701,1.209219011225221,0.9999999999999999
313,famrel,"Fedu, G3, G2",0.7620253164556962,0.28860759493670884,0.22784810126582278,0.29900332225913623,1.0360202832663055,0.007921807402659853,1.0148299238106664,0.14609929078014225
314,"G1, Fedu, G3",G2,0.21518987341772153,0.6303797468354431,0.21518987341772153,1.0,1.5863453815261044,0.0795385354911072,inf,0.4709677419354839
315,"G1, Fedu, G2",G3,0.21772151898734177,0.529113924050633,0.21518987341772153,0.9883720930232559,1.8679759652831869,0.09999038615606473,40.49620253164588,0.5939843898724538
316,"G1, G3, G2",Fedu,0.4050632911392405,0.4962025316455696,0.21518987341772153,0.53125,1.0706313775510206,0.014196442877743964,1.0747679324894515,0.11088861076345441
317,"Fedu, G3, G2",G1,0.28860759493670884,0.41265822784810124,0.21518987341772153,0.7456140350877194,1.8068560972984613,0.09609357474763662,2.3088607594936716,0.6277161398367177
318,"G1, Fedu","G3, G2",0.22025316455696203,0.5215189873417722,0.21518987341772153,0.9770114942528736,1.8733958263586654,0.10032366607915398,20.813924050632938,0.5978991596638656
319,"G1, G3","Fedu, G2",0.4050632911392405,0.3493670886075949,0.21518987341772153,0.53125,1.5206068840579712,0.07367409069059447,1.3880168776371309,0.5754693366708385
320,"G1, G2","Fedu, G3",0.41012658227848103,0.28860759493670884,0.21518987341772153,0.5246913580246914,1.8180095299978343,0.09682422688671688,1.4966957093539373,0.7627871749558193
321,"Fedu, G3","G1, G2",0.28860759493670884,0.41012658227848103,0.21518987341772153,0.7456140350877194,1.8180095299978343,0.09682422688671688,2.3188127455259724,0.632489009838811
322,"Fedu, G2","G1, G3",0.3493670886075949,0.4050632911392405,0.21518987341772153,0.6159420289855073,1.5206068840579712,0.07367409069059447,1.5490804872223554,0.5262073701075761
323,"G3, G2","G1, Fedu",0.5215189873417722,0.22025316455696203,0.21518987341772153,0.412621359223301,1.8733958263586654,0.10032366607915398,1.3275028768699655,0.974354186118892
324,G1,"Fedu, G3, G2",0.41265822784810124,0.28860759493670884,0.21518987341772153,0.5214723926380369,1.8068560972984613,0.09609357474763662,1.4866277182732883,0.7602941176470589
325,Fedu,"G1, G3, G2",0.4962025316455696,0.4050632911392405,0.21518987341772153,0.43367346938775514,1.0706313775510206,0.014196442877743964,1.0505188733036834,0.13094886195684313
326,G3,"G1, Fedu, G2",0.529113924050633,0.21772151898734177,0.21518987341772153,0.4066985645933014,1.8679759652831867,0.09999038615606473,1.3185177623519804,0.9867805186590766
327,G2,"G1, Fedu, G3",0.6303797468354431,0.21518987341772153,0.21518987341772153,0.3413654618473896,1.5863453815261044,0.0795385354911072,1.1915714726767521,1.0000000000000002
328,"famrel, G3, G2",health,0.3924050632911392,0.5367088607594936,0.22531645569620254,0.5741935483870968,1.069841752891053,0.014709181220958212,1.0880322209436135,0.10744382022471932
329,"famrel, G3, health",G2,0.23037974683544304,0.6303797468354431,0.22531645569620254,0.978021978021978,1.55148064786619,0.0800897292100625,16.817721518987316,0.4618568894145476
330,"famrel, G2, health",G3,0.2708860759493671,0.529113924050633,0.22531645569620254,0.8317757009345794,1.5720162768859274,0.08198686107995512,2.7991561181434594,0.49906367041198496
331,"G3, G2, health",famrel,0.2810126582278481,0.7620253164556962,0.22531645569620254,0.8018018018018018,1.0521983777797732,0.01117769588207021,1.200690448791715,0.06899825921823091
332,"famrel, G3","G2, health",0.4,0.3291139240506329,0.22531645569620254,0.5632911392405063,1.7115384615384617,0.09367088607594937,1.5362318840579712,0.6928838951310862
333,"famrel, G2","G3, health",0.4860759493670886,0.28607594936708863,0.22531645569620254,0.4635416666666667,1.6203447640117994,0.08626181701650376,1.3308098807914468,0.7449493551779486
334,"G3, health","famrel, G2",0.28607594936708863,0.4860759493670886,0.22531645569620254,0.7876106194690266,1.6203447640117994,0.08626181701650376,2.419725738396625,0.5362578691529205
335,"G2, health","famrel, G3",0.3291139240506329,0.4,0.22531645569620254,0.6846153846153847,1.7115384615384617,0.09367088607594937,1.9024390243902445,0.6196735213059148
336,famrel,"G3, G2, health",0.7620253164556962,0.2810126582278481,0.22531645569620254,0.29568106312292364,1.0521983777797732,0.01117769588207021,1.0208263673274423,0.20846282572316568
337,G3,"famrel, G2, health",0.529113924050633,0.2708860759493671,0.22531645569620254,0.4258373205741627,1.5720162768859276,0.08198686107995512,1.269873417721519,0.7727437477346863
338,G2,"famrel, G3, health",0.6303797468354431,0.23037974683544304,0.22531645569620254,0.357429718875502,1.55148064786619,0.0800897292100625,1.1977215189873418,0.9616746190549484
339,health,"famrel, G3, G2",0.5367088607594936,0.3924050632911392,0.22531645569620254,0.419811320754717,1.069841752891053,0.014709181220958212,1.0472368014819389,0.14090992816356632
340,"G1, famrel, G3",G2,0.31139240506329113,0.6303797468354431,0.31139240506329113,1.0,1.5863453815261044,0.11509693959301392,inf,0.5367647058823529
341,"G1, famrel, G2",G3,0.31645569620253167,0.529113924050633,0.31139240506329113,0.9839999999999999,1.8597129186602868,0.1439512898573946,29.43037974683521,0.6763023185787412
342,"G1, G3, G2",famrel,0.4050632911392405,0.7620253164556962,0.31139240506329113,0.76875,1.008824750830565,0.0027239224483255886,1.0290797126240168,0.014703338522746927
343,"famrel, G3, G2",G1,0.3924050632911392,0.41265822784810124,0.31139240506329113,0.7935483870967742,1.92301603008114,0.14946322704694762,2.84493670886076,0.7899728997289973
344,"G1, famrel","G3, G2",0.3189873417721519,0.5215189873417722,0.31139240506329113,0.9761904761904763,1.8718215441516415,0.14503444960743472,20.09620253164564,0.6839241998367939
345,"G1, G3","famrel, G2",0.4050632911392405,0.4860759493670886,0.31139240506329113,0.76875,1.5815429687500002,0.11450088126902741,2.222374273007185,0.6180591593149974
346,"G1, G2","famrel, G3",0.41012658227848103,0.4,0.31139240506329113,0.7592592592592592,1.898148148148148,0.1473417721518987,2.4923076923076914,0.8021563906626189
347,"famrel, G3","G1, G2",0.4,0.41012658227848103,0.31139240506329113,0.7784810126582278,1.898148148148148,0.1473417721518987,2.6628571428571424,0.7886178861788616
348,"famrel, G2","G1, G3",0.4860759493670886,0.4050632911392405,0.31139240506329113,0.640625,1.58154296875,0.11450088126902741,1.6554760594386353,0.715487204133125
349,"G3, G2","G1, famrel",0.5215189873417722,0.3189873417721519,0.31139240506329113,0.5970873786407767,1.8718215441516413,0.14503444960743472,1.6902241878908038,0.9734159246354369
350,G1,"famrel, G3, G2",0.41265822784810124,0.3924050632911392,0.31139240506329113,0.754601226993865,1.9230160300811399,0.14946322704694762,2.4759493670886075,0.8172133445472386
351,famrel,"G1, G3, G2",0.7620253164556962,0.4050632911392405,0.31139240506329113,0.40863787375415284,1.0088247508305648,0.0027239224483255886,1.0060446593656664,0.03675834630686732
352,G3,"G1, famrel, G2",0.529113924050633,0.31645569620253167,0.31139240506329113,0.5885167464114832,1.8597129186602868,0.1439512898573946,1.6611716220194288,0.9817291721304309
353,G2,"G1, famrel, G3",0.6303797468354431,0.31139240506329113,0.31139240506329113,0.4939759036144578,1.5863453815261044,0.11509693959301392,1.360819770946353,1.0
354,"G1, G3, G2",health,0.4050632911392405,0.5367088607594936,0.21772151898734177,0.5375,1.0014740566037736,0.0003204614645088977,1.0017105713308245,0.0024740227610094384
355,"G1, G3, health",G2,0.21772151898734177,0.6303797468354431,0.21772151898734177,1.0,1.5863453815261044,0.08047428296747317,inf,0.4724919093851133
356,"G1, G2, health",G3,0.22025316455696203,0.529113924050633,0.21772151898734177,0.9885057471264367,1.8682285651432653,0.10118250280403779,40.96708860759459,0.5960057384475987
357,"G3, G2, health",G1,0.2810126582278481,0.41265822784810124,0.21772151898734177,0.7747747747747747,1.8775216934726138,0.10175933344015382,2.60779746835443,0.6500573206681952
358,"G1, G3","G2, health",0.4050632911392405,0.3291139240506329,0.21772151898734177,0.5375,1.633173076923077,0.08440954975164236,1.450564488539172,0.6516575952498762
359,"G1, G2","G3, health",0.41012658227848103,0.28607594936708863,0.21772151898734177,0.5308641975308641,1.8556757347317814,0.10039416760134591,1.5217854763491003,0.7817147419902183
360,"G1, health","G3, G2",0.22278481012658227,0.5215189873417722,0.21772151898734177,0.9772727272727273,1.8738967343336275,0.10153501041499759,21.053164556962045,0.6000303007347928
361,"G3, G2","G1, health",0.5215189873417722,0.22278481012658227,0.21772151898734177,0.4174757281553398,1.8738967343336275,0.10153501041499759,1.3342194092827007,0.9746523932570443
362,"G3, health","G1, G2",0.28607594936708863,0.41012658227848103,0.21772151898734177,0.7610619469026548,1.8556757347317818,0.10039416760134591,2.468729488982653,0.6458848754741875
363,"G2, health","G1, G3",0.3291139240506329,0.4050632911392405,0.21772151898734177,0.6615384615384615,1.633173076923077,0.08440954975164236,1.7577675489067894,0.5778850372970601
364,G1,"G3, G2, health",0.41265822784810124,0.2810126582278481,0.21772151898734177,0.5276073619631902,1.877521693472614,0.10175933344015382,1.5220121650501401,0.7957598235765837
365,G3,"G1, G2, health",0.529113924050633,0.22025316455696203,0.21772151898734177,0.41148325358851673,1.8682285651432655,0.10118250280403779,1.324935679736544,0.9869342335583895
366,G2,"G1, G3, health",0.6303797468354431,0.21772151898734177,0.21772151898734177,0.34538152610441764,1.5863453815261044,0.08047428296747317,1.1950143667003184,1.0000000000000002
367,health,"G1, G3, G2",0.5367088607594936,0.4050632911392405,0.21772151898734177,0.4056603773584906,1.0014740566037736,0.0003204614645088977,1.0010046212577859,0.003177023764137804
368,"Medu, famrel, G3, G2",G1,0.2582278481012658,0.41265822784810124,0.20759493670886076,0.803921568627451,1.9481534945266452,0.10103509053036373,2.995443037974684,0.656122533921585
369,"Medu, famrel, G3, G1",G2,0.20759493670886076,0.6303797468354431,0.20759493670886076,1.0,1.5863453815261044,0.07673129306200929,inf,0.46645367412140576
370,"Medu, famrel, G2, G1",G3,0.21012658227848102,0.529113924050633,0.20759493670886076,0.9879518072289156,1.867181645241252,0.09641403621214548,39.08354430379734,0.5879846779237022
371,"G1, famrel, G3, G2",Medu,0.31139240506329113,0.5822784810126582,0.20759493670886076,0.6666666666666666,1.144927536231884,0.02627784008972922,1.2531645569620251,0.18382352941176477
372,"Medu, G3, G2, G1",famrel,0.26582278481012656,0.7620253164556962,0.20759493670886076,0.7809523809523811,1.0248378421135897,0.005031244992789646,1.0864061640066052,0.03301093355761163
373,"Medu, famrel, G3","G1, G2",0.2582278481012658,0.41012658227848103,0.20759493670886076,0.803921568627451,1.9601791333817478,0.10168883191796187,3.0083544303797476,0.6603679347373679
374,"Medu, famrel, G2","G1, G3",0.31139240506329113,0.4050632911392405,0.20759493670886076,0.6666666666666666,1.6458333333333333,0.08146130427816056,1.7848101265822784,0.5698529411764707
375,"Medu, famrel, G1","G3, G2",0.21265822784810126,0.5215189873417722,0.20759493670886076,0.9761904761904762,1.8718215441516413,0.09668963307162314,20.09620253164555,0.5915614461610854
376,"famrel, G3, G2","Medu, G1",0.3924050632911392,0.2708860759493671,0.20759493670886076,0.5290322580645161,1.9529695507989147,0.10129786893126101,1.5481186058609329,0.8030995934959348
377,"G1, famrel, G3","Medu, G2",0.31139240506329113,0.39746835443037976,0.20759493670886076,0.6666666666666666,1.6772823779193204,0.08382630988623617,1.8075949367088606,0.5863970588235293
378,"G1, famrel, G2","Medu, G3",0.31645569620253167,0.3367088607594937,0.20759493670886076,0.6559999999999999,1.948270676691729,0.10104149975965389,1.9281719163968203,0.7120596205962059
379,"Medu, G3, G2","G1, famrel",0.3367088607594937,0.3189873417721519,0.20759493670886076,0.6165413533834586,1.9328082110036997,0.10018907226406025,1.7759741871432118,0.7276112455781047
380,"Medu, G3, G1","famrel, G2",0.26582278481012656,0.4860759493670886,0.20759493670886076,0.7809523809523811,1.6066468253968258,0.07838487421887519,2.3461750137589448,0.5142977291841885
381,"Medu, G2, G1","famrel, G3",0.2683544303797468,0.4,0.20759493670886076,0.7735849056603774,1.9339622641509435,0.10025316455696202,2.6500000000000004,0.6600557009030298
382,"G1, G3, G2","Medu, famrel",0.4050632911392405,0.4481012658227848,0.20759493670886076,0.5125,1.1437146892655365,0.02608556321102387,1.1320999675430055,0.21120913336792937
383,"Medu, famrel","G1, G3, G2",0.4481012658227848,0.4050632911392405,0.20759493670886076,0.4632768361581921,1.1437146892655368,0.02608556321102387,1.1084610259826781,0.22767957037368533
384,"famrel, G3","Medu, G2, G1",0.4,0.2683544303797468,0.20759493670886076,0.5189873417721519,1.9339622641509435,0.10025316455696202,1.5210526315789474,0.8048780487804879
385,"famrel, G2","Medu, G3, G1",0.4860759493670886,0.26582278481012656,0.20759493670886076,0.4270833333333333,1.6066468253968256,0.07838487421887519,1.2814729574223245,0.7347110416916977
386,"G1, famrel","Medu, G3, G2",0.3189873417721519,0.3367088607594937,0.20759493670886076,0.6507936507936508,1.9328082110036997,0.10018907226406025,1.8994246260069045,0.7086771239459606
387,"Medu, G3","G1, famrel, G2",0.3367088607594937,0.31645569620253167,0.20759493670886076,0.6165413533834586,1.948270676691729,0.10104149975965389,1.7825763216679074,0.7338018990876931
388,"Medu, G2","G1, famrel, G3",0.39746835443037976,0.31139240506329113,0.20759493670886076,0.5222929936305732,1.6772823779193207,0.08382630988623617,1.4414852320675104,0.6701680672268908
389,"Medu, G1","famrel, G3, G2",0.2708860759493671,0.3924050632911392,0.20759493670886076,0.7663551401869159,1.9529695507989147,0.10129786893126101,2.600506329113924,0.6692496612466124
390,"G3, G2","Medu, famrel, G1",0.5215189873417722,0.21265822784810126,0.20759493670886076,0.39805825242718446,1.8718215441516413,0.09668963307162314,1.3080032666394448,0.9734159246354368
391,"G1, G3","Medu, famrel, G2",0.4050632911392405,0.31139240506329113,0.20759493670886076,0.5125,1.6458333333333333,0.08146130427816056,1.4125283998701719,0.6595744680851064
392,"G1, G2","Medu, famrel, G3",0.41012658227848103,0.2582278481012658,0.20759493670886076,0.5061728395061728,1.9601791333817475,0.10168883191796187,1.5020886075949365,0.830419763425102
393,famrel,"Medu, G3, G2, G1",0.7620253164556962,0.26582278481012656,0.20759493670886076,0.2724252491694352,1.0248378421135897,0.005031244992789646,1.009074619964164,0.10184224182667416
394,Medu,"G1, famrel, G3, G2",0.5822784810126582,0.31139240506329113,0.20759493670886076,0.3565217391304348,1.144927536231884,0.02627784008972922,1.0701334245638041,0.30303030303030315
395,G3,"Medu, famrel, G2, G1",0.529113924050633,0.21012658227848102,0.20759493670886076,0.39234449760765544,1.8671816452412517,0.09641403621214548,1.2998704275889563,0.9862968790978233
396,G2,"Medu, famrel, G3, G1",0.6303797468354431,0.20759493670886076,0.20759493670886076,0.3293172690763052,1.5863453815261044,0.07673129306200929,1.1814901841885848,1.0
397,G1,"Medu, famrel, G3, G2",0.41265822784810124,0.2582278481012658,0.20759493670886076,0.5030674846625767,1.948153494526645,0.10103509053036373,1.4927019846851068,0.8286375105130362
